Libros,Precio
LACASANEVILLELAFORMIDABLESEﾃ前RITAMANON,000
ESTEDOLORNOESMIO,1190000
OXIDO,1150000
ELPROBLEMAFINAL,1299900
ARTIFICIAL,1069900
RECORTAYCREAPINGUINOSMADAGASCARPEGATINAS,799900
HOLLY,40000
HOROSCOPOCHINO,1599900
ELVIENTOCONOCEMINOMBRE,799900
MANNYMANITASRECORTAYPEGACONPEGATINAS,1069900
LOSCUATROACUERDOS,40000
DESTROZAESTEDIARIOATODOCOLOR,849000
HABITOSATOMICOS,1120000
ELPODERDELASPALABRAS,1440000
TAYLORFROMTHEVAULT,1059900
UNAFAMILIAANORMAL,699900
TESISSOBREUNADOMESTICACION,419900
LASNIASDELNARANJEL,990000
LAFELICIDADCABEENUNATAZADECAFE,999900
BEYONDTHESTORYEDICIONENESPAOL,599900
MAFALDATODASLASTIRAS,999900
SHREKLANOVELIZACION,1410000
LACRISISDELANARRACION,80000
ELHOMBREENBUSCADESENTIDO,680000
PIRATASDELCARIBEELCOFREDELHOMBREMUERTO,689000
DESARMAESTELIBRO,40000
LAARMADURADELALUZ,329900
ANTESDEQUESEENFRIEELCAFE,1999900
DIBUMARTINEZPASIONPORELFUTBOL,969900
MIDIARIOSECRETOROSA,539900
ELAMORESIMPOSIBLE,674900
ELCAMINODELARTISTA,1120000
VALIENTE,1349900
VICTORIOSO,60000
MISDIASENLALIBRERIAMORISAKI,60000
LACASADELOSSUICIDIOS,585000
ELHIJODETARZAN,1050000
TARZANELINVENCIBLE,58000
DEJADESERTU,58000
LOMEJORPARAELRECREORECETASDISNEY,1339000
TARZANYLACIUDADPROHIBIDA,80000
MEDITACIONES,58000
ELVUELODELALIBELULA,857000
LAULTIMAROSADESHANGAI,879900
WINNIETHEPOOHMIPRIMERAMIRADAALATIERRAPRADERAS,1090000
PORQUEDEMASIADONOESSUFICIENTE,40000
PADRERICOPADREPOBREAﾃ前S,890000
WINNIETHEPOOHMIPRIMERAMIRADAALATIERRABOSQUES,1129900
PALABRASSEMILLA,40000
NUESTRAPARTEDENOCHE,475000
TARZANYLOSHOMBRESLEOPARDO,1695000
ELMONJEQUEVENDIOSUFERRARI,58000
NOSOTROSDOSENLATORMENTA,1059900
ENCUENTRATUPERSONAVITAMINA,1159900
WINNIETHEPOOHMIPRIMERAMIRADAALATIERRAREPTILESYANFIBIOS,1250000
WINNIETHEPOOHMIPRIMERAMIRADAALATIERRALASESTACIONES,40000
ELPODERDELAHORA,40000
MUCHASVIDASMUCHOSMAESTROS,719900
CRONICASMUNDIALESLASMEJORESANECDOTASDELACOPADELMUNDO,719900
BIENVENIDOSATRANQUILITY,374900
UNVECINOANORMALYELLADRONDELCHOCOLATE,80000
MARGARITAS,519900
LASINDIGNAS,699900
MESSICRACK,749900
LASCALONETA,499900
THERESISTANCE,649000
CADAVEREXQUISITO,60000
PASTAQUEPASION,1049900
GATURROMESSI,80000
LAVACANOSECALLA,429000
ELONMUSK,594000
ELARTEDEAMAR,1499900
PINTAALEO,450000
PIRATASDELCARIBEELCOFREDELHOMBREMUERTO,549000
WINNIETHEPOOHMIPRIMERAMIRADAALANATURALEZALASPLANTAS,40000
LAPACIENTESILENCIOSA,40000
CUANDONOQUEDENMASESTRELLASQUECONTAR,999900
FORTUNA,600000
CONOCERAPERON,1250000
BORNYQUIETO,1520000
LABAILARINADEAUSCHWITZ,1180000
PENSARALAJAPONESA,690000
SANAATUSANTEPASADOSPARASANARTUVIDA,549000
LOSOJOSPLATAFIVENIGHTSATFREDDYS,649000
MESSICAMPEONDELMUNDO,969900
ELETERNAUTAEDECONOMICA,599000
ELLOCO,1190000
WINNIETHEPOOHMIPRIMERAMIRADAALATIERRAMASASDEAGUA,860000
QUIZBOOKFUTBOLMUNDIAL,40000
LACASANEVILLELAFORMIDABLESEﾃ前RITAMANON,000
ESTEDOLORNOESMIO,1190000
OXIDO,1150000
ELPROBLEMAFINAL,1299900
ARTIFICIAL,1069900
RECORTAYCREAPINGUINOSMADAGASCARPEGATINAS,799900
HOLLY,40000
HOROSCOPOCHINO,1599900
ELVIENTOCONOCEMINOMBRE,799900
MANNYMANITASRECORTAYPEGACONPEGATINAS,1069900
LOSCUATROACUERDOS,40000
DESTROZAESTEDIARIOATODOCOLOR,849000
HABITOSATOMICOS,1120000
ELPODERDELASPALABRAS,1440000
TAYLORFROMTHEVAULT,1059900
UNAFAMILIAANORMAL,699900
TESISSOBREUNADOMESTICACION,419900
LASNIASDELNARANJEL,990000
LAFELICIDADCABEENUNATAZADECAFE,999900
BEYONDTHESTORYEDICIONENESPAOL,599900
MAFALDATODASLASTIRAS,999900
SHREKLANOVELIZACION,1410000
LACRISISDELANARRACION,80000
ELHOMBREENBUSCADESENTIDO,680000
PIRATASDELCARIBEELCOFREDELHOMBREMUERTO,689000
DESARMAESTELIBRO,40000
LAARMADURADELALUZ,329900
ANTESDEQUESEENFRIEELCAFE,1999900
DIBUMARTINEZPASIONPORELFUTBOL,969900
MIDIARIOSECRETOROSA,539900
ELAMORESIMPOSIBLE,674900
ELCAMINODELARTISTA,1120000
VALIENTE,1349900
VICTORIOSO,60000
MISDIASENLALIBRERIAMORISAKI,60000
LACASADELOSSUICIDIOS,585000
ELHIJODETARZAN,1050000
TARZANELINVENCIBLE,58000
DEJADESERTU,58000
LOMEJORPARAELRECREORECETASDISNEY,1339000
TARZANYLACIUDADPROHIBIDA,80000
MEDITACIONES,58000
ELVUELODELALIBELULA,857000
LAULTIMAROSADESHANGAI,879900
WINNIETHEPOOHMIPRIMERAMIRADAALATIERRAPRADERAS,1090000
PORQUEDEMASIADONOESSUFICIENTE,40000
PADRERICOPADREPOBREAﾃ前S,890000
WINNIETHEPOOHMIPRIMERAMIRADAALATIERRABOSQUES,1129900
PALABRASSEMILLA,40000
NUESTRAPARTEDENOCHE,475000
TARZANYLOSHOMBRESLEOPARDO,1695000
ELMONJEQUEVENDIOSUFERRARI,58000
NOSOTROSDOSENLATORMENTA,1059900
ENCUENTRATUPERSONAVITAMINA,1159900
WINNIETHEPOOHMIPRIMERAMIRADAALATIERRAREPTILESYANFIBIOS,1250000
WINNIETHEPOOHMIPRIMERAMIRADAALATIERRALASESTACIONES,40000
ELPODERDELAHORA,40000
MUCHASVIDASMUCHOSMAESTROS,719900
CRONICASMUNDIALESLASMEJORESANECDOTASDELACOPADELMUNDO,719900
BIENVENIDOSATRANQUILITY,374900
UNVECINOANORMALYELLADRONDELCHOCOLATE,80000
MARGARITAS,519900
LASINDIGNAS,699900
MESSICRACK,749900
LASCALONETA,499900
THERESISTANCE,649000
CADAVEREXQUISITO,60000
PASTAQUEPASION,1049900
GATURROMESSI,80000
LAVACANOSECALLA,429000
ELONMUSK,594000
ELARTEDEAMAR,1499900
PINTAALEO,450000
PIRATASDELCARIBEELCOFREDELHOMBREMUERTO,549000
WINNIETHEPOOHMIPRIMERAMIRADAALANATURALEZALASPLANTAS,40000
LAPACIENTESILENCIOSA,40000
CUANDONOQUEDENMASESTRELLASQUECONTAR,999900
FORTUNA,600000
CONOCERAPERON,1250000
BORNYQUIETO,1520000
LABAILARINADEAUSCHWITZ,1180000
PENSARALAJAPONESA,690000
SANAATUSANTEPASADOSPARASANARTUVIDA,549000
LOSOJOSPLATAFIVENIGHTSATFREDDYS,649000
MESSICAMPEONDELMUNDO,969900
ELETERNAUTAEDECONOMICA,599000
ELLOCO,1190000
WINNIETHEPOOHMIPRIMERAMIRADAALATIERRAMASASDEAGUA,860000
QUIZBOOKFUTBOLMUNDIAL,40000
